,EF_DF,EF_shrub,EF_herb,EF_sparse,EF_wetland,EF_water,DF_shrub,DF_herb,DF_sparse,DF_wetland,DF_water,shrub_herb,shrub_sparse,shrub_wetland,shrub_water,herb_sparse,herb_wetland,herb_water,sparse_wetland,sparse_water,wetland_water,intercept
par_upper,0.01784999472359536,-0.008148515374064,-0.015864258815445398,0.004905619808304974,-0.012860800187536096,-0.003922445082472577,-0.0006325432070024338,-0.010749153587205386,-0.002379512100490576,0.007260990117389106,0.004029865523643341,-0.004288872067167788,0.002091961888745243,-0.007004357446457896,0.02148727649756205,-0.003687488857064122,0.011093399216461432,-0.03282653275564843,-0.017050219001525473,0.0002969754070300567,0.0121415175548145,-0.029992400008923288
pvalue_upper,3.1334736386146526e-166,0.0,0.0,0.0,0.0,0.4470463576999557,0.22797217790977684,8.542301205272717e-187,0.005000544111796935,7.469817592178772e-10,0.4784830163562156,2.9966187170162194e-81,1.0748526882084347e-07,5.66602596972964e-78,9.141061491716503e-09,1.6577832412160766e-45,6.040676216091042e-32,3.5536491408952914e-09,0.0,0.784058800575953,6.67757491044379e-08,2.8722442553687804e-293
stand_err_upper,0.0006495542255836111,0.00016928591273864026,0.00027032736721730165,5.978690423610672e-05,0.0002402266272444665,0.005158746509711853,0.0005246712592933911,0.0003687413055382244,0.0008477063565102028,0.0011795327339170793,0.005685920457405118,0.0002246478760922551,0.00039369936442838093,0.0003746998597342429,0.0037395480643210043,0.0002604421354329111,0.0009430513092658785,0.005560286422787122,0.00027019797385408176,0.0010837188768011206,0.0022485755487867696,0.0008193918549529903
